PRAGMA foreign_keys=OFF;
BEGIN TRANSACTION;
CREATE TABLE IF NOT EXISTS "django_migrations" ("id" integer NOT NULL PRIMARY KEY AUTOINCREMENT, "app" varchar(255) NOT NULL, "name" varchar(255) NOT NULL, "applied" datetime NOT NULL);
INSERT INTO django_migrations VALUES(1,'contenttypes','0001_initial','2021-01-12 08:01:07.832250');
INSERT INTO django_migrations VALUES(2,'auth','0001_initial','2021-01-12 08:01:07.856185');
INSERT INTO django_migrations VALUES(3,'admin','0001_initial','2021-01-12 08:01:07.866159');
INSERT INTO django_migrations VALUES(4,'admin','0002_logentry_remove_auto_add','2021-01-12 08:01:07.888101');
INSERT INTO django_migrations VALUES(5,'admin','0003_logentry_add_action_flag_choices','2021-01-12 08:01:07.912036');
INSERT INTO django_migrations VALUES(6,'app','0001_initial','2021-01-12 08:01:07.961903');
INSERT INTO django_migrations VALUES(7,'contenttypes','0002_remove_content_type_name','2021-01-12 08:01:07.981849');
INSERT INTO django_migrations VALUES(8,'auth','0002_alter_permission_name_max_length','2021-01-12 08:01:07.993817');
INSERT INTO django_migrations VALUES(9,'auth','0003_alter_user_email_max_length','2021-01-12 08:01:08.014773');
INSERT INTO django_migrations VALUES(10,'auth','0004_alter_user_username_opts','2021-01-12 08:01:08.043683');
INSERT INTO django_migrations VALUES(11,'auth','0005_alter_user_last_login_null','2021-01-12 08:01:08.069615');
INSERT INTO django_migrations VALUES(12,'auth','0006_require_contenttypes_0002','2021-01-12 08:01:08.085572');
INSERT INTO django_migrations VALUES(13,'auth','0007_alter_validators_add_error_messages','2021-01-12 08:01:08.100532');
INSERT INTO django_migrations VALUES(14,'auth','0008_alter_user_username_max_length','2021-01-12 08:01:08.123470');
INSERT INTO django_migrations VALUES(15,'auth','0009_alter_user_last_name_max_length','2021-01-12 08:01:08.143460');
INSERT INTO django_migrations VALUES(16,'auth','0010_alter_group_name_max_length','2021-01-12 08:01:08.171382');
INSERT INTO django_migrations VALUES(17,'auth','0011_update_proxy_permissions','2021-01-12 08:01:08.181363');
INSERT INTO django_migrations VALUES(18,'auth','0012_alter_user_first_name_max_length','2021-01-12 08:01:08.195318');
INSERT INTO django_migrations VALUES(19,'sessions','0001_initial','2021-01-12 08:01:08.216262');
INSERT INTO django_migrations VALUES(20,'app','0002_auto_20210113_1412','2021-01-13 08:44:10.856861');
INSERT INTO django_migrations VALUES(21,'app','0003_auto_20210113_1545','2021-01-13 10:15:12.404151');
INSERT INTO django_migrations VALUES(22,'app','0004_auto_20210113_1547','2021-01-13 10:17:17.275021');
INSERT INTO django_migrations VALUES(23,'app','0005_auto_20210113_1609','2021-01-13 10:39:45.985656');
INSERT INTO django_migrations VALUES(24,'app','0006_auto_20210113_2006','2021-01-13 14:37:00.963816');
INSERT INTO django_migrations VALUES(25,'app','0007_auto_20210117_2100','2021-01-17 15:30:16.853732');
INSERT INTO django_migrations VALUES(26,'app','0008_auto_20210117_2101','2021-01-17 15:31:26.091601');
INSERT INTO django_migrations VALUES(27,'app','0009_auto_20210118_1245','2021-01-18 07:16:12.347649');
INSERT INTO django_migrations VALUES(28,'app','0010_orderplaced_customer','2021-01-18 08:16:41.480661');
CREATE TABLE IF NOT EXISTS "auth_group_permissions" ("id" integer NOT NULL PRIMARY KEY AUTOINCREMENT, "group_id" integer NOT NULL REFERENCES "auth_group" ("id") DEFERRABLE INITIALLY DEFERRED, "permission_id" integer NOT NULL REFERENCES "auth_permission" ("id") DEFERRABLE INITIALLY DEFERRED);
CREATE TABLE IF NOT EXISTS "auth_user_groups" ("id" integer NOT NULL PRIMARY KEY AUTOINCREMENT, "user_id" integer NOT NULL REFERENCES "auth_user" ("id") DEFERRABLE INITIALLY DEFERRED, "group_id" integer NOT NULL REFERENCES "auth_group" ("id") DEFERRABLE INITIALLY DEFERRED);
CREATE TABLE IF NOT EXISTS "auth_user_user_permissions" ("id" integer NOT NULL PRIMARY KEY AUTOINCREMENT, "user_id" integer NOT NULL REFERENCES "auth_user" ("id") DEFERRABLE INITIALLY DEFERRED, "permission_id" integer NOT NULL REFERENCES "auth_permission" ("id") DEFERRABLE INITIALLY DEFERRED);
CREATE TABLE IF NOT EXISTS "django_admin_log" ("id" integer NOT NULL PRIMARY KEY AUTOINCREMENT, "action_time" datetime NOT NULL, "object_id" text NULL, "object_repr" varchar(200) NOT NULL, "change_message" text NOT NULL, "content_type_id" integer NULL REFERENCES "django_content_type" ("id") DEFERRABLE INITIALLY DEFERRED, "user_id" integer NOT NULL REFERENCES "auth_user" ("id") DEFERRABLE INITIALLY DEFERRED, "action_flag" smallint unsigned NOT NULL CHECK ("action_flag" >= 0));
INSERT INTO django_admin_log VALUES(1,'2021-01-12 08:51:33.518691','1','TShirt 1','[{"added": {}}]',8,1,1);
INSERT INTO django_admin_log VALUES(2,'2021-01-12 08:52:17.764325','2','Tshirt 2','[{"added": {}}]',8,1,1);
INSERT INTO django_admin_log VALUES(3,'2021-01-12 08:53:22.690481','3','TShirt 3','[{"added": {}}]',8,1,1);
INSERT INTO django_admin_log VALUES(4,'2021-01-12 08:53:53.387454','4','T Shirt 4','[{"added": {}}]',8,1,1);
INSERT INTO django_admin_log VALUES(5,'2021-01-12 08:54:23.401123','5','TShirt 5','[{"added": {}}]',8,1,1);
INSERT INTO django_admin_log VALUES(6,'2021-01-12 08:54:51.363852','6','TShirt 6','[{"added": {}}]',8,1,1);
INSERT INTO django_admin_log VALUES(7,'2021-01-12 08:55:29.006742','7','T Shirt 7','[{"added": {}}]',8,1,1);
INSERT INTO django_admin_log VALUES(8,'2021-01-12 08:55:58.504840','8','Girl Top','[{"added": {}}]',8,1,1);
INSERT INTO django_admin_log VALUES(9,'2021-01-12 08:56:51.455710','9','Jeans 1','[{"added": {}}]',8,1,1);
INSERT INTO django_admin_log VALUES(10,'2021-01-12 08:57:20.068367','10','Jeans 2','[{"added": {}}]',8,1,1);
INSERT INTO django_admin_log VALUES(11,'2021-01-12 08:57:50.974612','11','Jeans 3','[{"added": {}}]',8,1,1);
INSERT INTO django_admin_log VALUES(12,'2021-01-12 08:59:06.532880','12','Jeans 4','[{"added": {}}]',8,1,1);
INSERT INTO django_admin_log VALUES(13,'2021-01-12 08:59:27.636076','13','Jeans 5','[{"added": {}}]',8,1,1);
INSERT INTO django_admin_log VALUES(14,'2021-01-12 08:59:50.615079','14','Jeans 6','[{"added": {}}]',8,1,1);
INSERT INTO django_admin_log VALUES(15,'2021-01-12 09:00:34.036330','15','Redmi Pro 2','[{"added": {}}]',8,1,1);
INSERT INTO django_admin_log VALUES(16,'2021-01-12 09:01:05.932367','16','Redmi Pro 3','[{"added": {}}]',8,1,1);
INSERT INTO django_admin_log VALUES(17,'2021-01-12 09:01:50.709137','17','Samsung NT 2','[{"added": {}}]',8,1,1);
INSERT INTO django_admin_log VALUES(18,'2021-01-12 09:02:34.098271','18','Samsung Pro 4','[{"added": {}}]',8,1,1);
INSERT INTO django_admin_log VALUES(19,'2021-01-12 09:03:05.588393','19','Redmi 7','[{"added": {}}]',8,1,1);
INSERT INTO django_admin_log VALUES(20,'2021-01-12 09:03:33.580089','20','Redmi 9','[{"added": {}}]',8,1,1);
INSERT INTO django_admin_log VALUES(21,'2021-01-12 09:04:02.423879','21','Samsung J 2','[{"added": {}}]',8,1,1);
INSERT INTO django_admin_log VALUES(22,'2021-01-12 10:38:42.527272','1','admin','[{"changed": {"fields": ["First name", "Last name"]}}]',4,1,2);
INSERT INTO django_admin_log VALUES(23,'2021-01-12 10:39:10.118095','1','admin','[{"added": {}}]',10,1,1);
INSERT INTO django_admin_log VALUES(24,'2021-01-13 08:24:36.466799','2','sonam','[{"added": {}}]',10,1,1);
INSERT INTO django_admin_log VALUES(25,'2021-01-13 08:44:38.385562','1','admin','[{"changed": {"fields": ["Name"]}}]',10,1,2);
INSERT INTO django_admin_log VALUES(26,'2021-01-16 09:15:10.815008','9','Cart object (9)','',7,1,3);
INSERT INTO django_admin_log VALUES(27,'2021-01-16 09:15:10.818021','8','Cart object (8)','',7,1,3);
INSERT INTO django_admin_log VALUES(28,'2021-01-16 09:15:10.821016','1','Cart object (1)','',7,1,3);
INSERT INTO django_admin_log VALUES(29,'2021-01-16 16:00:00.577799','3','Cart object (3)','',7,1,3);
INSERT INTO django_admin_log VALUES(30,'2021-01-17 06:53:29.371256','26','Cart object (26)','',7,1,3);
INSERT INTO django_admin_log VALUES(31,'2021-01-17 06:53:29.375245','25','Cart object (25)','',7,1,3);
INSERT INTO django_admin_log VALUES(32,'2021-01-17 06:53:29.377275','23','Cart object (23)','',7,1,3);
INSERT INTO django_admin_log VALUES(33,'2021-01-17 07:21:47.024272','30','Cart object (30)','',7,1,3);
INSERT INTO django_admin_log VALUES(34,'2021-01-17 07:21:47.029305','19','Cart object (19)','',7,1,3);
INSERT INTO django_admin_log VALUES(35,'2021-01-17 08:31:25.878113','34','Cart object (34)','',7,1,3);
INSERT INTO django_admin_log VALUES(36,'2021-01-18 06:04:56.300776','1','OrderPlaced object (1)','',9,1,3);
INSERT INTO django_admin_log VALUES(37,'2021-01-18 09:11:33.005133','9','OrderPlaced object (9)','',9,1,3);
INSERT INTO django_admin_log VALUES(38,'2021-01-18 09:11:33.008126','8','OrderPlaced object (8)','',9,1,3);
INSERT INTO django_admin_log VALUES(39,'2021-01-18 09:11:33.012116','7','OrderPlaced object (7)','',9,1,3);
INSERT INTO django_admin_log VALUES(40,'2021-01-18 10:54:01.481098','10','OrderPlaced object (10)','[{"changed": {"fields": ["Status"]}}]',9,1,2);
INSERT INTO django_admin_log VALUES(41,'2021-01-18 10:59:19.707019','18','OrderPlaced object (18)','',9,1,3);
INSERT INTO django_admin_log VALUES(42,'2021-01-18 10:59:19.712006','17','OrderPlaced object (17)','',9,1,3);
INSERT INTO django_admin_log VALUES(43,'2021-01-18 10:59:19.714997','16','OrderPlaced object (16)','',9,1,3);
INSERT INTO django_admin_log VALUES(44,'2021-01-18 10:59:19.717988','15','OrderPlaced object (15)','',9,1,3);
INSERT INTO django_admin_log VALUES(45,'2021-01-18 10:59:19.719983','14','OrderPlaced object (14)','',9,1,3);
INSERT INTO django_admin_log VALUES(46,'2021-01-18 10:59:19.722978','13','OrderPlaced object (13)','',9,1,3);
INSERT INTO django_admin_log VALUES(47,'2021-01-18 10:59:19.726970','12','OrderPlaced object (12)','',9,1,3);
INSERT INTO django_admin_log VALUES(48,'2021-01-18 10:59:19.729962','11','OrderPlaced object (11)','',9,1,3);
INSERT INTO django_admin_log VALUES(49,'2021-01-18 10:59:19.731956','10','OrderPlaced object (10)','',9,1,3);
INSERT INTO django_admin_log VALUES(50,'2021-01-18 11:01:26.907017','20','OrderPlaced object (20)','',9,1,3);
INSERT INTO django_admin_log VALUES(51,'2021-01-18 11:01:26.910009','19','OrderPlaced object (19)','',9,1,3);
INSERT INTO django_admin_log VALUES(52,'2021-01-18 11:02:34.864827','22','OrderPlaced object (22)','',9,1,3);
INSERT INTO django_admin_log VALUES(53,'2021-01-18 11:02:34.868807','21','OrderPlaced object (21)','',9,1,3);
INSERT INTO django_admin_log VALUES(54,'2021-01-18 11:03:28.771880','25','OrderPlaced object (25)','',9,1,3);
INSERT INTO django_admin_log VALUES(55,'2021-01-18 11:03:28.775869','24','OrderPlaced object (24)','',9,1,3);
INSERT INTO django_admin_log VALUES(56,'2021-01-18 11:03:28.778860','23','OrderPlaced object (23)','',9,1,3);
INSERT INTO django_admin_log VALUES(57,'2021-01-18 12:40:36.487576','32','OrderPlaced object (32)','',9,1,3);
INSERT INTO django_admin_log VALUES(58,'2021-01-18 12:40:36.491565','31','OrderPlaced object (31)','',9,1,3);
INSERT INTO django_admin_log VALUES(59,'2021-01-18 12:40:36.493571','30','OrderPlaced object (30)','',9,1,3);
INSERT INTO django_admin_log VALUES(60,'2021-01-18 12:40:36.497563','29','OrderPlaced object (29)','',9,1,3);
INSERT INTO django_admin_log VALUES(61,'2021-01-18 12:40:36.499560','28','OrderPlaced object (28)','',9,1,3);
INSERT INTO django_admin_log VALUES(62,'2021-01-18 12:40:36.502554','27','OrderPlaced object (27)','',9,1,3);
INSERT INTO django_admin_log VALUES(63,'2021-01-18 12:40:36.504548','26','OrderPlaced object (26)','',9,1,3);
INSERT INTO django_admin_log VALUES(64,'2021-01-18 12:57:59.753095','34','OrderPlaced object (34)','[{"changed": {"fields": ["Status"]}}]',9,1,2);
INSERT INTO django_admin_log VALUES(65,'2021-01-18 12:58:15.589094','33','OrderPlaced object (33)','[{"changed": {"fields": ["Status"]}}]',9,1,2);
INSERT INTO django_admin_log VALUES(66,'2021-01-18 12:58:30.859117','34','OrderPlaced object (34)','[{"changed": {"fields": ["Status"]}}]',9,1,2);
INSERT INTO django_admin_log VALUES(67,'2021-01-18 13:13:22.590944','34','OrderPlaced object (34)','[{"changed": {"fields": ["Status"]}}]',9,1,2);
INSERT INTO django_admin_log VALUES(68,'2021-01-18 13:13:41.533781','34','OrderPlaced object (34)','[{"changed": {"fields": ["Status"]}}]',9,1,2);
INSERT INTO django_admin_log VALUES(69,'2021-01-18 13:17:48.949559','34','OrderPlaced object (34)','[{"changed": {"fields": ["Status"]}}]',9,1,2);
INSERT INTO django_admin_log VALUES(70,'2021-01-18 13:18:00.186983','34','OrderPlaced object (34)','[{"changed": {"fields": ["Status"]}}]',9,1,2);
INSERT INTO django_admin_log VALUES(71,'2021-01-18 13:19:15.116917','34','OrderPlaced object (34)','[{"changed": {"fields": ["Status"]}}]',9,1,2);
INSERT INTO django_admin_log VALUES(72,'2021-01-18 13:19:24.470798','34','OrderPlaced object (34)','[{"changed": {"fields": ["Status"]}}]',9,1,2);
INSERT INTO django_admin_log VALUES(73,'2021-01-18 13:19:33.517855','34','OrderPlaced object (34)','[{"changed": {"fields": ["Status"]}}]',9,1,2);
INSERT INTO django_admin_log VALUES(74,'2021-01-18 13:19:47.093708','34','OrderPlaced object (34)','[{"changed": {"fields": ["Status"]}}]',9,1,2);
INSERT INTO django_admin_log VALUES(75,'2021-01-18 13:28:44.270673','34','OrderPlaced object (34)','[{"changed": {"fields": ["Status"]}}]',9,1,2);
INSERT INTO django_admin_log VALUES(76,'2021-01-18 13:28:56.452769','34','OrderPlaced object (34)','[{"changed": {"fields": ["Status"]}}]',9,1,2);
INSERT INTO django_admin_log VALUES(77,'2021-01-18 13:29:33.201578','34','OrderPlaced object (34)','[{"changed": {"fields": ["Status"]}}]',9,1,2);
INSERT INTO django_admin_log VALUES(78,'2021-01-18 13:29:48.415258','34','OrderPlaced object (34)','[{"changed": {"fields": ["Status"]}}]',9,1,2);
INSERT INTO django_admin_log VALUES(79,'2021-01-18 13:29:57.268686','34','OrderPlaced object (34)','[{"changed": {"fields": ["Status"]}}]',9,1,2);
INSERT INTO django_admin_log VALUES(80,'2021-01-18 13:30:07.473351','34','OrderPlaced object (34)','[{"changed": {"fields": ["Status"]}}]',9,1,2);
INSERT INTO django_admin_log VALUES(81,'2021-04-05 06:14:16.608429','66','66','',7,7,3);
INSERT INTO django_admin_log VALUES(82,'2021-04-05 11:07:57.069815','41','OrderPlaced object (41)','',9,7,3);
INSERT INTO django_admin_log VALUES(83,'2021-04-05 11:07:57.091999','40','OrderPlaced object (40)','',9,7,3);
INSERT INTO django_admin_log VALUES(84,'2021-04-05 11:07:57.111602','39','OrderPlaced object (39)','',9,7,3);
INSERT INTO django_admin_log VALUES(85,'2021-04-05 11:07:57.128614','38','OrderPlaced object (38)','',9,7,3);
INSERT INTO django_admin_log VALUES(86,'2021-04-05 11:07:57.147803','37','OrderPlaced object (37)','',9,7,3);
INSERT INTO django_admin_log VALUES(87,'2021-04-05 11:07:57.169049','36','OrderPlaced object (36)','',9,7,3);
INSERT INTO django_admin_log VALUES(88,'2021-04-05 11:07:57.188012','35','OrderPlaced object (35)','',9,7,3);
INSERT INTO django_admin_log VALUES(89,'2021-04-05 11:07:57.206978','34','OrderPlaced object (34)','',9,7,3);
INSERT INTO django_admin_log VALUES(90,'2021-04-05 11:07:57.226897','33','OrderPlaced object (33)','',9,7,3);
CREATE TABLE IF NOT EXISTS "app_product" ("id" integer NOT NULL PRIMARY KEY AUTOINCREMENT, "title" varchar(100) NOT NULL, "selling_price" real NOT NULL, "discounted_price" real NOT NULL, "description" text NOT NULL, "brand" varchar(100) NOT NULL, "category" varchar(2) NOT NULL, "product_image" varchar(100) NOT NULL);
INSERT INTO app_product VALUES(1,'TShirt 1',400.0,300.0,'This is good quality tshirt','Safira','TW','productimg/tw1.jpg');
INSERT INTO app_product VALUES(2,'Tshirt 2',500.0,300.0,'This is nice TShirt','Safira','TW','productimg/tw2.jpg');
INSERT INTO app_product VALUES(3,'TShirt 3',600.0,450.0,'Nice TShirt','Bajaj','TW','productimg/tw3.jpg');
INSERT INTO app_product VALUES(4,'T Shirt 4',900.0,700.0,'Nice TShirt hai','Bajaj','TW','productimg/tw4.jpg');
INSERT INTO app_product VALUES(5,'TShirt 5',400.0,250.0,'Good Tshirt','Bajaj','TW','productimg/tw5.jpg');
INSERT INTO app_product VALUES(6,'TShirt 6',300.0,150.0,'Good tshirt','Safira','TW','productimg/tw6.jpg');
INSERT INTO app_product VALUES(7,'T Shirt 7',650.0,320.00000000000001776,'Nice TShirt','Safira','TW','productimg/tw7.jpg');
INSERT INTO app_product VALUES(8,'Girl Top',400.0,350.0,'Nice','Safira','TW','productimg/tw8.jpg');
INSERT INTO app_product VALUES(9,'Jeans 1',700.0,390.0,'Nice Jeans','Lee','BW','productimg/bw1.jpg');
INSERT INTO app_product VALUES(10,'Jeans 2',650.0,360.00000000000000888,'Good Jeans','Lee','BW','productimg/bw2.jpg');
INSERT INTO app_product VALUES(11,'Jeans 3',600.0,550.0,'Nice Jeans','Lee','BW','productimg/bw3.jpg');
INSERT INTO app_product VALUES(12,'Jeans 4',900.0,800.0,'Good Quality Jeans','Spykar','BW','productimg/bw4.jpg');
INSERT INTO app_product VALUES(13,'Jeans 5',700.0,450.0,'Nice Jeans','Spykar','BW','productimg/bw5.jpg');
INSERT INTO app_product VALUES(14,'Jeans 6',600.0,304.99999999999998223,'Good Jeans','Lee','BW','productimg/bw6.jpg');
INSERT INTO app_product VALUES(15,'Redmi Pro 2',15000.0,13998.999999999999133,'Nice Mobile','Redmi','M','productimg/m1.jpg');
INSERT INTO app_product VALUES(16,'Redmi Pro 3',6998.999999999999666,4998.999999999999666,'Good Mobile with Camera','Redmi','M','productimg/m2.jpg');
INSERT INTO app_product VALUES(17,'Samsung NT 2',14999.000000000000554,10999.000000000000909,'Good Mobile','Samsung','M','productimg/m3.jpg');
INSERT INTO app_product VALUES(18,'Samsung Pro 4',5998.999999999999666,3999.0000000000001989,'Nice Mobile with 6 GB RAM','Samsung','M','productimg/m4.jpg');
INSERT INTO app_product VALUES(19,'Redmi 7',7998.999999999999666,2999.0000000000001989,'Redmi Mobile Cheap','Redmi','M','productimg/m5.jpg');
INSERT INTO app_product VALUES(20,'Redmi 9',8999.0000000000005542,1999.0000000000001989,'Good Mobile','Redmi','M','productimg/m6.jpg');
INSERT INTO app_product VALUES(21,'Samsung J 2',8999.0000000000005542,5998.999999999999666,'Nice Mobile','Samsung','M','productimg/m7.jpg');
CREATE TABLE IF NOT EXISTS "django_content_type" ("id" integer NOT NULL PRIMARY KEY AUTOINCREMENT, "app_label" varchar(100) NOT NULL, "model" varchar(100) NOT NULL);
INSERT INTO django_content_type VALUES(1,'admin','logentry');
INSERT INTO django_content_type VALUES(2,'auth','permission');
INSERT INTO django_content_type VALUES(3,'auth','group');
INSERT INTO django_content_type VALUES(4,'auth','user');
INSERT INTO django_content_type VALUES(5,'contenttypes','contenttype');
INSERT INTO django_content_type VALUES(6,'sessions','session');
INSERT INTO django_content_type VALUES(7,'app','cart');
INSERT INTO django_content_type VALUES(8,'app','product');
INSERT INTO django_content_type VALUES(9,'app','orderplaced');
INSERT INTO django_content_type VALUES(10,'app','customer');
CREATE TABLE IF NOT EXISTS "auth_permission" ("id" integer NOT NULL PRIMARY KEY AUTOINCREMENT, "content_type_id" integer NOT NULL REFERENCES "django_content_type" ("id") DEFERRABLE INITIALLY DEFERRED, "codename" varchar(100) NOT NULL, "name" varchar(255) NOT NULL);
INSERT INTO auth_permission VALUES(1,1,'add_logentry','Can add log entry');
INSERT INTO auth_permission VALUES(2,1,'change_logentry','Can change log entry');
INSERT INTO auth_permission VALUES(3,1,'delete_logentry','Can delete log entry');
INSERT INTO auth_permission VALUES(4,1,'view_logentry','Can view log entry');
INSERT INTO auth_permission VALUES(5,2,'add_permission','Can add permission');
INSERT INTO auth_permission VALUES(6,2,'change_permission','Can change permission');
INSERT INTO auth_permission VALUES(7,2,'delete_permission','Can delete permission');
INSERT INTO auth_permission VALUES(8,2,'view_permission','Can view permission');
INSERT INTO auth_permission VALUES(9,3,'add_group','Can add group');
INSERT INTO auth_permission VALUES(10,3,'change_group','Can change group');
INSERT INTO auth_permission VALUES(11,3,'delete_group','Can delete group');
INSERT INTO auth_permission VALUES(12,3,'view_group','Can view group');
INSERT INTO auth_permission VALUES(13,4,'add_user','Can add user');
INSERT INTO auth_permission VALUES(14,4,'change_user','Can change user');
INSERT INTO auth_permission VALUES(15,4,'delete_user','Can delete user');
INSERT INTO auth_permission VALUES(16,4,'view_user','Can view user');
INSERT INTO auth_permission VALUES(17,5,'add_contenttype','Can add content type');
INSERT INTO auth_permission VALUES(18,5,'change_contenttype','Can change content type');
INSERT INTO auth_permission VALUES(19,5,'delete_contenttype','Can delete content type');
INSERT INTO auth_permission VALUES(20,5,'view_contenttype','Can view content type');
INSERT INTO auth_permission VALUES(21,6,'add_session','Can add session');
INSERT INTO auth_permission VALUES(22,6,'change_session','Can change session');
INSERT INTO auth_permission VALUES(23,6,'delete_session','Can delete session');
INSERT INTO auth_permission VALUES(24,6,'view_session','Can view session');
INSERT INTO auth_permission VALUES(25,7,'add_cart','Can add cart');
INSERT INTO auth_permission VALUES(26,7,'change_cart','Can change cart');
INSERT INTO auth_permission VALUES(27,7,'delete_cart','Can delete cart');
INSERT INTO auth_permission VALUES(28,7,'view_cart','Can view cart');
INSERT INTO auth_permission VALUES(29,8,'add_product','Can add product');
INSERT INTO auth_permission VALUES(30,8,'change_product','Can change product');
INSERT INTO auth_permission VALUES(31,8,'delete_product','Can delete product');
INSERT INTO auth_permission VALUES(32,8,'view_product','Can view product');
INSERT INTO auth_permission VALUES(33,9,'add_orderplaced','Can add order placed');
INSERT INTO auth_permission VALUES(34,9,'change_orderplaced','Can change order placed');
INSERT INTO auth_permission VALUES(35,9,'delete_orderplaced','Can delete order placed');
INSERT INTO auth_permission VALUES(36,9,'view_orderplaced','Can view order placed');
INSERT INTO auth_permission VALUES(37,10,'add_customer','Can add customer');
INSERT INTO auth_permission VALUES(38,10,'change_customer','Can change customer');
INSERT INTO auth_permission VALUES(39,10,'delete_customer','Can delete customer');
INSERT INTO auth_permission VALUES(40,10,'view_customer','Can view customer');
CREATE TABLE IF NOT EXISTS "auth_group" ("id" integer NOT NULL PRIMARY KEY AUTOINCREMENT, "name" varchar(150) NOT NULL UNIQUE);
CREATE TABLE IF NOT EXISTS "auth_user" ("id" integer NOT NULL PRIMARY KEY AUTOINCREMENT, "password" varchar(128) NOT NULL, "last_login" datetime NULL, "is_superuser" bool NOT NULL, "username" varchar(150) NOT NULL UNIQUE, "last_name" varchar(150) NOT NULL, "email" varchar(254) NOT NULL, "is_staff" bool NOT NULL, "is_active" bool NOT NULL, "date_joined" datetime NOT NULL, "first_name" varchar(150) NOT NULL);
INSERT INTO auth_user VALUES(1,'pbkdf2_sha256$216000$fWmPWTkRMsjI$pAgbVCZ9GC4IrsWNSWNnZd4x2SqKIpKqvB2mBJzdteA=','2021-01-18 07:16:34.628045',1,'admin','Kumar','admin@gmail.com',1,1,'2021-01-12 08:08:19','Admin');
INSERT INTO auth_user VALUES(2,'pbkdf2_sha256$216000$kGXDnAnKgoEn$bWWsCViKmnVVAJxahjbkdhMSu594Ia3P+yTDqzk5AzM=','2021-01-27 07:13:34.481540',0,'sonam','','sonam@gmail.com',0,1,'2021-01-12 15:56:46.042511','');
INSERT INTO auth_user VALUES(3,'pbkdf2_sha256$216000$Rp1wTWSZylQP$DXVeMFB3UaxuC96FqcO1jljHExckLuFSghdmSXqBYeI=','2021-01-19 04:59:32.972235',0,'sahil','','sahil@gmail.com',0,1,'2021-01-13 08:34:24.454578','Sahil');
INSERT INTO auth_user VALUES(4,'pbkdf2_sha256$216000$xAu01EQ0Hbn4$/kkK1StwAuICWpdFb1DhbmZLhA+VwbyiB9OgYywV0OQ=','2021-01-13 10:35:35.085588',0,'rose','','rose@gmail.com',0,1,'2021-01-13 10:18:24.099833','');
INSERT INTO auth_user VALUES(5,'pbkdf2_sha256$216000$aCibukSpsSYW$xNDhy4Dgun3/ukObjSsWzBU4Y8qDHV9xH6yjWtjTT+4=','2021-01-19 05:05:24.652104',0,'jiya','','jiya@gmail.com',0,1,'2021-01-19 05:03:19.609709','');
INSERT INTO auth_user VALUES(6,'pbkdf2_sha256$150000$9i6fYd1uIAJd$Z0ANVfp4AKy/IGUYiWzXJ/bkJ3joh4uncCyocqgghfA=','2021-04-01 17:15:35.225104',0,'sahil2','','bansalsahill226@gmail.com',0,1,'2021-04-01 17:15:09.018767','');
INSERT INTO auth_user VALUES(7,'pbkdf2_sha256$150000$5ttDV5tEHFHn$8hwGSKbITjhc4hdDxgc9PWS9pYxXvppxwQSsm5XRczs=','2021-04-07 12:03:37.782686',1,'sbansal1','','bansalsahil227@gmail.com',1,1,'2021-04-03 06:41:59.871283','');
INSERT INTO auth_user VALUES(8,'pbkdf2_sha256$150000$2bhjPHRktV94$pEmvXtWegxLj4wGiazzBfJR34WuMjNlHRIhNMh0A0Qc=',NULL,0,'sbansal12','','bansnsansj@gmail.com',0,1,'2021-04-04 06:39:48.307623','');
INSERT INTO auth_user VALUES(9,'pbkdf2_sha256$150000$lV02mvqxkkUS$eLAcdXOTf0P+Iw3baQsmMHd4smA5OO94oGL40B8o5lQ=',NULL,0,'sbansal123','','bansnsansj@gmail.com',0,1,'2021-04-04 06:40:04.123140','');
INSERT INTO auth_user VALUES(10,'pbkdf2_sha256$150000$n6mlSUxh3QNs$5oG9pYQsP/X3qjXE53UmSSpka+XM93ts4ylHT3ppSKg=',NULL,0,'asasasasa','','bansalsahill226@gmail.com',0,1,'2021-04-04 06:44:54.500230','');
INSERT INTO auth_user VALUES(11,'pbkdf2_sha256$150000$UQiBUM90TWK6$FIIz0pcbJBimm22KTgQ7dNrtiSx0WbiYra5wi1Ximkk=',NULL,0,'asasasasasa','','bansalsahill226@gmail.com',0,1,'2021-04-04 06:46:25.879505','');
INSERT INTO auth_user VALUES(12,'pbkdf2_sha256$150000$bidR5DxJ9fTs$rEAniM90kH1T6FUjsJVxVIcmqIoEqCEbyW2BpFblJkQ=',NULL,0,'dewdwedew','','bansalsahill226@gmail.com',0,1,'2021-04-04 06:46:55.034409','');
INSERT INTO auth_user VALUES(13,'pbkdf2_sha256$150000$erI6apZHw59r$eubRU1scZOBz/guo8FFGFPr5pnBB7/2fBwxgDsIP65E=',NULL,0,'saasaasqw','','bansalsahill226@gmail.com',0,1,'2021-04-04 06:48:54.331754','');
INSERT INTO auth_user VALUES(14,'pbkdf2_sha256$150000$45vJnGA868TZ$wS6/tzH2n12EgjKU0lmMm3aQhKQJPf4Jncy3YAfhZF0=',NULL,0,'bcgcgh','','bansalsahill226b@gmail.com',0,1,'2021-04-04 07:41:45.901309','');
INSERT INTO auth_user VALUES(15,'pbkdf2_sha256$150000$fCR643S7YZ9t$dgB7L3u2+DQVIs4pDwGhQmGRCBlKjFHzDbQDszRGE9s=',NULL,0,'himanshu','','bbbb@gmail.com',0,1,'2021-04-04 16:33:12.300691','');
INSERT INTO auth_user VALUES(16,'pbkdf2_sha256$150000$qZpBfkR7CmtQ$I7ejlNJhPWADeCR1kN+nCYseD4MctcsYzQbU5Jo6iWI=','2021-12-17 08:04:11.715573',1,'admins','','',1,1,'2021-12-17 07:23:44.885058','');
INSERT INTO auth_user VALUES(17,'pbkdf2_sha256$150000$DY63frQ0AUID$5rt/pBQ+3TfxOAPuU9Zu6RYh6se+/oeM/ERLaWSp2Bg=',NULL,0,'newuser1','','bansalsahil229@gmail.com',0,1,'2021-12-17 08:01:41.595766','');
INSERT INTO auth_user VALUES(18,'pbkdf2_sha256$150000$GP01k3I1rtML$N2vWcaT+2JzqtMiCmIbI1uPpscOmE0m0s/x3hIax6SQ=','2021-12-17 08:04:48.969079',0,'newuser3','','bansalsahil300@gmail.com',0,1,'2021-12-17 08:03:17.702668','');
CREATE TABLE IF NOT EXISTS "django_session" ("session_key" varchar(40) NOT NULL PRIMARY KEY, "session_data" text NOT NULL, "expire_date" datetime NOT NULL);
INSERT INTO django_session VALUES('ed9ba0h5tq30d4fh6gtvk8nvuj0fpowl','.eJxVjEEOwiAQRe_CuiFDpy3g0r1nIAMMUjWQlHZlvLs26cJu_3vvv4Wjbc1ua7y4OYqLQNH9b57Ck8sO4oPKvcpQy7rMXu6KPGiTtxr5dT3c00Gmln81UUKtwCjPkVCj7Zk0YwTD2nhlYQIYTM8AqMEnNoOaRhuSSqNl4iA-X91uN80:1l0QHx:HvfzRDH_nKnsr36_YZInkUrzF0GdkYIjKKrFyy60h0w','2021-01-29 14:41:21.193938');
INSERT INTO django_session VALUES('tbvpx0uoxfa4i0zurhf06p2unabsdyrb','.eJxVjEEOwiAQRe_CuiFDpy3g0r1nIAMMUjWQlHZlvLs26cJu_3vvv4Wjbc1ua7y4OYqLQNH9b57Ck8sO4oPKvcpQy7rMXu6KPGiTtxr5dT3c00Gmln81UUKtwCjPkVCj7Zk0YwTD2nhlYQIYTM8AqMEnNoOaRhuSSqNl4iA-X91uN80:1l0oJu:K2DseNK4e2s9_mpH8JUkQjGDwFiRzFXdJQCwD1olA2k','2021-01-30 16:20:58.019488');
INSERT INTO django_session VALUES('qan7ndw52sy515rb5h8gl6n2y9gqhf86','.eJxVjDsOwjAQBe_iGlmOvwklPWewdu1dHEC2FCcV4u4QKQW0b2beS0TY1hK3TkucsziLQZx-N4T0oLqDfId6azK1ui4zyl2RB-3y2jI9L4f7d1Cgl28NaCmB5skaSoqC88SAI2utPFhrdVA5DClzYMNOjWjBs-NgfEajJy_eHwc-OGQ:1l1NBI:-BzxKV0bSiOOZYz5Nr_OTuSlm98kdJHbG_AYNudmVCQ','2021-02-01 05:34:24.108841');
INSERT INTO django_session VALUES('pb24y6zpg1xi4cmiqykzjhwppos2wrim','.eJxVjEEOwiAQRe_CuiFDpy3g0r1nIAMMUjWQlHZlvLs26cJu_3vvv4Wjbc1ua7y4OYqLQNH9b57Ck8sO4oPKvcpQy7rMXu6KPGiTtxr5dT3c00Gmln81UUKtwCjPkVCj7Zk0YwTD2nhlYQIYTM8AqMEnNoOaRhuSSqNl4iA-X91uN80:1l1PqK:ahp2vSXNfZ6wT6ygTbJMimauo1H9JlB7giVOpkIJOlc','2021-02-01 08:24:56.098190');
INSERT INTO django_session VALUES('ulx97u1mfs8ho34mws5wkt6p8qeq8rr5','ZjAyM2I5OGNjYmFjNWFkOGYyMWEyODM1YThkNTVmYmI0ODQ0MzMyYzp7Il9hdXRoX3VzZXJfaWQiOiI3IiwiX2F1dGhfdXNlcl9iYWNrZW5kIjoiZGphbmdvLmNvbnRyaWIuYXV0aC5iYWNrZW5kcy5Nb2RlbEJhY2tlbmQiLCJfYXV0aF91c2VyX2hhc2giOiI3NDVmNjE1YWVjNTRkMWFiNGM5ZjFjMTEwY2IyYzhiNzA2NjE4ZjI4In0=','2021-04-19 05:29:58.424252');
INSERT INTO django_session VALUES('t1atbvy03x6heuv3z6x27sdp8c6evkcc','ZjAyM2I5OGNjYmFjNWFkOGYyMWEyODM1YThkNTVmYmI0ODQ0MzMyYzp7Il9hdXRoX3VzZXJfaWQiOiI3IiwiX2F1dGhfdXNlcl9iYWNrZW5kIjoiZGphbmdvLmNvbnRyaWIuYXV0aC5iYWNrZW5kcy5Nb2RlbEJhY2tlbmQiLCJfYXV0aF91c2VyX2hhc2giOiI3NDVmNjE1YWVjNTRkMWFiNGM5ZjFjMTEwY2IyYzhiNzA2NjE4ZjI4In0=','2021-04-21 12:03:37.801399');
INSERT INTO django_session VALUES('meis6i64n63to10j4bfptitzeggrve20','NjE1MDdlZWFiYTljMzNmNGUxNzM5MGY1Y2YxY2Y1ZmFlMDkyNmEzNTp7Il9hdXRoX3VzZXJfaWQiOiIxOCIsIl9hdXRoX3VzZXJfYmFja2VuZCI6ImRqYW5nby5jb250cmliLmF1dGguYmFja2VuZHMuTW9kZWxCYWNrZW5kIiwiX2F1dGhfdXNlcl9oYXNoIjoiNTI0ODIzMzc4YWM5Nzc4Yjg4MTg2Y2E1NTk4MDZkNzk3NmY5Y2MwMyJ9','2021-12-31 08:04:48.981812');
CREATE TABLE IF NOT EXISTS "app_customer" ("id" integer NOT NULL PRIMARY KEY AUTOINCREMENT, "city" varchar(50) NOT NULL, "zipcode" integer NOT NULL, "state" varchar(50) NOT NULL, "locality" varchar(200) NOT NULL, "name" varchar(200) NOT NULL, "user_id" integer NOT NULL REFERENCES "auth_user" ("id") DEFERRABLE INITIALLY DEFERRED);
INSERT INTO app_customer VALUES(1,'Ranchi',829856,'Jharkhand','Lalpur','Admin',1);
INSERT INTO app_customer VALUES(2,'Dhanbad',895465,'Jharkhand','','Sonam Sharma',2);
INSERT INTO app_customer VALUES(3,'Dhanbad',826001,'Jharkhand','Hirapur','Sahil',3);
INSERT INTO app_customer VALUES(4,'Bokaro',876578,'Jharkhand','Chas','Sahil Aloti',3);
INSERT INTO app_customer VALUES(5,'Dhanbad',876567,'Jharkhand','Railway Colony','Jiya',3);
INSERT INTO app_customer VALUES(6,'elenabad',125102,'Haryana','ellenabad','Sahil',7);
INSERT INTO app_customer VALUES(7,'wwwww',125102,'Delhi','ellenabad','csd',7);
CREATE TABLE IF NOT EXISTS "app_cart" ("id" integer NOT NULL PRIMARY KEY AUTOINCREMENT, "product_id" integer NOT NULL REFERENCES "app_product" ("id") DEFERRABLE INITIALLY DEFERRED, "user_id" integer NOT NULL REFERENCES "auth_user" ("id") DEFERRABLE INITIALLY DEFERRED, "quantity" integer unsigned NOT NULL CHECK ("quantity" >= 0));
INSERT INTO app_cart VALUES(68,10,6,1);
INSERT INTO app_cart VALUES(87,9,18,4);
CREATE TABLE IF NOT EXISTS "app_orderplaced" ("id" integer NOT NULL PRIMARY KEY AUTOINCREMENT, "ordered_date" datetime NOT NULL, "status" varchar(50) NOT NULL, "user_id" integer NOT NULL REFERENCES "auth_user" ("id") DEFERRABLE INITIALLY DEFERRED, "product_id" integer NOT NULL REFERENCES "app_product" ("id") DEFERRABLE INITIALLY DEFERRED, "quantity" integer unsigned NOT NULL CHECK ("quantity" >= 0), "customer_id" integer NOT NULL REFERENCES "app_customer" ("id") DEFERRABLE INITIALLY DEFERRED);
INSERT INTO app_orderplaced VALUES(42,'2021-04-07 11:25:28.766453','Pending',7,15,1,6);
DELETE FROM sqlite_sequence;
INSERT INTO sqlite_sequence VALUES('django_migrations',28);
INSERT INTO sqlite_sequence VALUES('django_admin_log',90);
INSERT INTO sqlite_sequence VALUES('django_content_type',10);
INSERT INTO sqlite_sequence VALUES('auth_permission',40);
INSERT INTO sqlite_sequence VALUES('auth_group',0);
INSERT INTO sqlite_sequence VALUES('auth_user',18);
INSERT INTO sqlite_sequence VALUES('app_product',21);
INSERT INTO sqlite_sequence VALUES('app_customer',7);
INSERT INTO sqlite_sequence VALUES('app_cart',87);
INSERT INTO sqlite_sequence VALUES('app_orderplaced',42);
CREATE UNIQUE INDEX "auth_group_permissions_group_id_permission_id_0cd325b0_uniq" ON "auth_group_permissions" ("group_id", "permission_id");
CREATE INDEX "auth_group_permissions_group_id_b120cbf9" ON "auth_group_permissions" ("group_id");
CREATE INDEX "auth_group_permissions_permission_id_84c5c92e" ON "auth_group_permissions" ("permission_id");
CREATE UNIQUE INDEX "auth_user_groups_user_id_group_id_94350c0c_uniq" ON "auth_user_groups" ("user_id", "group_id");
CREATE INDEX "auth_user_groups_user_id_6a12ed8b" ON "auth_user_groups" ("user_id");
CREATE INDEX "auth_user_groups_group_id_97559544" ON "auth_user_groups" ("group_id");
CREATE UNIQUE INDEX "auth_user_user_permissions_user_id_permission_id_14a6b632_uniq" ON "auth_user_user_permissions" ("user_id", "permission_id");
CREATE INDEX "auth_user_user_permissions_user_id_a95ead1b" ON "auth_user_user_permissions" ("user_id");
CREATE INDEX "auth_user_user_permissions_permission_id_1fbb5f2c" ON "auth_user_user_permissions" ("permission_id");
CREATE INDEX "django_admin_log_content_type_id_c4bce8eb" ON "django_admin_log" ("content_type_id");
CREATE INDEX "django_admin_log_user_id_c564eba6" ON "django_admin_log" ("user_id");
CREATE UNIQUE INDEX "django_content_type_app_label_model_76bd3d3b_uniq" ON "django_content_type" ("app_label", "model");
CREATE UNIQUE INDEX "auth_permission_content_type_id_codename_01ab375a_uniq" ON "auth_permission" ("content_type_id", "codename");
CREATE INDEX "auth_permission_content_type_id_2f476e4b" ON "auth_permission" ("content_type_id");
CREATE INDEX "django_session_expire_date_a5c62663" ON "django_session" ("expire_date");
CREATE INDEX "app_customer_user_id_e6e52921" ON "app_customer" ("user_id");
CREATE INDEX "app_cart_product_id_a4171918" ON "app_cart" ("product_id");
CREATE INDEX "app_cart_user_id_2bf07879" ON "app_cart" ("user_id");
CREATE INDEX "app_orderplaced_user_id_3c6fe1e1" ON "app_orderplaced" ("user_id");
CREATE INDEX "app_orderplaced_product_id_90c7863a" ON "app_orderplaced" ("product_id");
CREATE INDEX "app_orderplaced_customer_id_9d02fbb6" ON "app_orderplaced" ("customer_id");
COMMIT;
